NB4KRHLA256MDY61,1992-04-06,Antwan,Arnold,marco9802@gmail.com
JH2ZII9VBQTO3FCP,2010-05-18,Lovella,Cable,sook1@yahoo.com
45CLOK6Q50O82CVE,1973-12-06,Earleen,Perryman,mammie339@stamp.com
PEBKRH5TA0E9OMZT,2012-09-17,Gilberte,Mcmillen,marhta.kasper7@dam.com
3ULDK7Q6GD11XHM9,1981-03-07,Vinnie,Knight,doretha_amaral84528@encoding.reggiocalabria.it
RLNDB911M6UBUDL9,2004-06-29,Brain,Helton,adeliamiles6@hotmail.com
5X2T3FU2EI3VO3R6,2007-11-05,Karri,Rayford,zina-york81@charged.com
GZK6TKO0ZZVKQNVF,1975-05-06,Elvina,Burnham,myrl3274@gmail.com
CUUP4CGUF9TJJA7L,2007-01-29,Simone,Cardwell,rosalinda-cuellar34112@hotmail.com
EDUBTVDJHIYHHKNO,2014-02-04,Irish,Mcmillian,casiecox@load.com
HDL6C9BKJQQYFB5O,1972-09-13,Lissette,Coyne,shan-jacobson8133@original.takayama.nagano.jp
Y8JBIK042KOBJZX0,2013-05-24,Erna,Gooding,candy.matlock@jan.com
33HNFB06AF26IUKF,2020-04-04,Lera,Sacco,alana13@yahoo.com
54L7KQBZ0LHQLCCJ,1977-07-06,Rocco,Braden,lillie069@yahoo.com
HMRE5QOSEQGB9EZZ,2018-11-15,Theo,Leeper,jaimee-bobo75761@pools.com.pf
B5I0CNRJQSSCK851,1998-06-16,Jeri,Stull,daniaespinal8@volunteers.com
H2XS0A4PQPC7VHC7,1972-05-21,Garfield,Fielder,trudie-kidd@boot.com
AXKBA4UGUR64FTAX,1980-08-22,Liz,Stoddard,vasiliki320@pit.com
CLZAVUUGN2SQSHVI,2018-08-31,Tatyana,Schweitzer,lyndia2@hotmail.com
77I6UDR7QJO1034I,2016-05-06,Otto,Cartwright,evelyn.chung3@gmail.com
SC8NXQY0BDHCRRET,2019-12-07,Shelia,Delvalle,ara_bratton-foster58@toward.com
66EREZCLJ5VDM72Y,1972-05-26,Juliana,Blake,delana-cade-bagley@declaration.com
X6QT8NB1FC4IQVBI,1978-07-18,Carline,Hathaway,arielle-culpepper@foster.com
0T4EB02Q8S0458RQ,1976-10-17,Eilene,Rose-Hammett,takisha-callahan53@gmail.com
C51S1B67GSUSOVA5,1991-08-18,Derrick,Sawyer,carlo-reardon@yahoo.com
0KEZRKDJ56N1FIUJ,2013-03-04,Milton,Rossi-Reiter,olympia-crockett29556@faster.com
VDNXLLQ4ZU2LDLTK,2005-01-25,Terrell,Lear,diamond_batiste71@yahoo.com
D76TSX9J0IIPRY4Y,1973-02-26,Thomasena,Archuleta,lelah8@exists.com
KUC3HYMQXKOBLD1I,1976-05-04,Natalya,Boston,ignacialauer093@claim.com
CUQPVA4RQL7X94AV,2007-11-22,Georgiana,Trujillo,rosie_valencia@skirts.com
JXHCDFCIYBC6EAEJ,1993-10-08,Louie,Christensen-Burns,rosemary18259@hotmail.com
6PNAHX4ZCNQY1QQN,1997-11-26,Tawna,Norton,elin57@tel.com
0OKRZL8OSHZ924QH,1971-09-28,Rolland,Bowens,deane98309@yahoo.com
49GLG3I3HFFR32AY,2000-01-16,Deane,Granados,kelle-weinberg0379@wrong.com
JD3BUDZAE2DI9ME1,2008-12-26,Jeannette,Marquardt,tarsha-crowe8@garbage.com
BYL6NVCKRBJCQRUR,1998-09-08,Cheryll,Fulmer,donnie_dollar-vidal163@pamela.cloud.goog
ITHG1AJU1OBTLLOX,1982-05-26,Rafael,Boyles,cheryl.bunker@yahoo.com
NFQ5C1QXI7GMN6UL,2007-11-06,Billi,Adkins,berneice.strand@distinguished.com
4QMQLZXPQNJY2OAX,1993-01-05,Ludie,Leggett,hoseagladden@gmail.com
J9PQ01X5IZVBGFXF,2021-07-16,Emelda,Prichard,susie_boyce8333@janet.shinjuku.tokyo.jp
ATXNHKLQ2T4ZXUYM,1992-07-27,Meryl,Holliman,arleenwitcher5@vid.kamitsue.oita.jp
N4ARVB9T7BI6HNEP,1997-05-14,Shanon,Dobbs,mara86856@herbs.com
5DJKXO4FVBMCEXON,1997-06-22,Alvin,Markham,carisa_christmas095@hotmail.com
EAI6PV1H24NOFI21,1977-08-13,Eleonora,Searcy,flaviawebber55743@woods.mil.ge
8E7FT989B4Q3HR3A,1982-01-22,Hilma,Bair,sigrid.casey@hotmail.com
EBFTHZHYBPTT3KNQ,2009-10-22,Colton,Carlin,brendanponder@moves.com
N99RGGB376NIK4K0,2006-10-29,Kaley,Glaser,brittenybonilla22@breaks.com
90NQY6M5HFVFC9NQ,1977-01-08,Rickie,Hardin,lenna_seely-dent@gmail.com
IG509DU2FRU6SXQQ,1998-02-14,Arline,Becnel,bryon.brigham@witnesses.com
I7HIF33N5QGBZBRJ,2001-01-29,Halina,Gaytan,christal06@yahoo.com
3N4LF8I169GDD0SQ,2001-05-26,Melvina,Paulsen,suzie-mccord12@victim.com
QC76BH2JJAR5QL8P,2004-12-27,Danille,Caraway,tawanda.kidd7580@letter.com
IP25APH8GSDD0J3N,1975-12-29,Normand,Mcghee,carlotta3871@yahoo.com
HY1C5ILE5IA1FZYG,2018-07-07,Carina,Hart,fredericka19452@yahoo.com
RHB0861P9GPD78PM,1982-01-08,Letitia,Sheets,darryl9@gamecube.com
15N400ZOOY36QCPV,2006-10-03,Dakota,Horne,houstonmoffitt8956@yahoo.com
K3F91EBUB0VZBFXV,1993-02-19,Rosanne,Porterfield,mafalda-read151@help.com
FFUA5NDXGM1N11UN,2014-04-12,Kortney,Manley,lavetteduckett345@families.com
6IVGQL7IM37RFNMO,1970-04-27,Zana,Lucas,denver.trammell98451@rv.com
H9AY69DXTUQ5UFYP,1993-12-30,Gabriela,Palmer-Wyant,alberthavalencia78938@gmail.com
EFI335I7VBBEJYR1,2001-03-29,Isidro,Eller,jamey-beaty@yahoo.com
N8NITE3KEDQ2UVMA,2014-11-16,Sharon,Roth,bradford_upshaw@yahoo.com
ZO896CJUCMP3XGDA,2014-09-08,Starla,Comer,melanialtman@ol.com
0QHQQ0BBJQHO6SMT,1978-06-24,Kati,Conners,lance_huston13@disciplines.com
DFVULQUCYBQ8VDH6,2021-05-11,Diamond,Sandberg,burl.tillery83@spain.com
KQX69ULVPA63YOFD,2001-06-12,Glayds,Moffitt,melva_logsdon@browse.com
9PNXKS9NC7EVQKYI,1973-05-05,Luciana,Mesa,son_usher0@hotmail.com
K6CHKACSA5JYV73Z,1978-09-21,Dell,Coon,garrettsapp@remember.yugawa.fukushima.jp
C9NT5XYMUYCQEGRM,2017-04-02,Lily,Roger,valentin.delong49@gmail.com
3711B8LR1YLAIRKQ,1981-06-05,Jillian,Andre,providencia-johns@hotmail.com
IH1HHYU46KIRPAQR,1991-10-16,Maisie,Acevedo,marlen.arellano248@gmail.com
CDMGJX82V8JUKPCK,1973-05-13,Doreatha,Rockwell,alida_weed@gmail.com
1MI0ZAQU6ZRNFJD0,1978-11-01,Kerri,Kirkland,rod229@else.com
GYYIX689T4ZMQU0Q,2020-12-13,Sherlyn,Shin,julius_rader69325@yahoo.com
HHOP2CEU5N6E6RXQ,1979-02-18,Bryon,Voss,shaunte6315@hq.keisen.fukuoka.jp
92QM427MRQVLQM0O,1979-05-17,Conrad,Lassiter,von_mcnulty92@hosts.com
IRTC8VCFROKXQ4AQ,2008-12-16,Forrest,Pope,kayleneyoo@gmail.com
3A658YSCVYAICL4X,2021-05-06,Devon,Holliman,shainalieberman@pos.com
XSZ58VPD15SA6T39,1997-03-15,Nicky,Hudspeth,emanuel.chavarria97@yahoo.com
C52UI1LTXI69HCF8,2007-04-16,Calandra,Troy,mamie.bowling74@shannon.com
88Q9BEECDLI1QM3C,2006-09-10,Cecelia,Huntley,dawne-adkins28077@gmail.com
TK6HO0QM2M4E79R4,2000-12-30,Cathryn,Stahl,risa64311@gmail.com
5POC8GL35QPCHPHC,1977-01-06,Rosanne,Paul,sunday.bautista6@laughing.com
NL45IMPN7ZYREV7U,1974-03-30,Isela,Dunne,alfonso788@converted.com
ENH8DLQQFXHL5NZY,2024-03-24,Burma,Tolliver,alden5@hotmail.com
406Q4R7UX6M3R9Z9,1971-08-21,Judy,Guerra,starla21@yahoo.com
5QCVKI6PTT0KCQOF,1981-01-19,Piper,Schwartz-Guay,vivienne_rigby7@engagement.com
RM806H80LBKN80ZM,1995-05-01,Jayme,Roybal,erlene6024@gmail.com
VQBBG7O58L29HV6L,1975-01-31,Glenn,Tom,octavia-haggard71@volkswagen.com
J1JC8SJH3K0LVSOU,2020-12-18,Virgie,Jacobson,teresia_trimble617@yahoo.com
EIQQ30ECV594LU49,1983-06-02,Alysha,Brockman,vinnie-head@bloom.ac.be
X2I3KO5UI93Q131S,2013-10-05,Marin,Maness,sirena77824@yahoo.com
HCF7H8MF1KR3B6UF,2009-12-18,Clementina,Crist,mira28063@yahoo.com
NGN11BHMGJ7L6Y1B,2018-08-29,Minnie,Ellison,jovita-hightower@hotmail.com
7T8GNUDH39XOJRUM,1975-06-04,Glendora,Connor,darline39@gmail.com
ICTMBIS3M71E3HCR,2009-02-11,Daren,Nakamura,debby210@hotmail.com
F5UAPGVZXQMC0UOX,1984-08-18,Evelynn,Rapp,jenine-parkinson2447@yahoo.com
RRKO3R8PEAVCQF2I,1979-09-29,Joana,Hudgens,everette-heinrich116@authorization.com
8N5KU8ZY39YJR87Q,1997-10-08,Rebeca,Salisbury-Earley,thomasina_barr1362@gmail.com
8SG999QF9HTOO78I,1995-03-18,Minh,Heyward,carry55@blink.com